{"cameraMode":{"drawMode":0,"name":"Shaded","section":"Shading Mode"},"sceneLighting":false,"audioPlay":false,"sceneViewState":{"showFog":true,"showMaterialUpdate":false,"showSkybox":false,"showFlares":true,"showImageEffects":true,"showParticleSystems":true},"in2DMode":false,"pivot":{"x":4.181785583496094,"y":-2.183696746826172,"z":1.5880706310272217},"rotation":{"x":-0.1773933619260788,"y":-0.549794614315033,"z":0.12081591784954071,"w":-0.8072576522827148},"size":3.668306350708008,"orthographic":false}